Date,US,JP
1971-01-31,95.87999725341797,2100.89990234375
1971-02-28,96.75,2232.419921875
1971-03-31,100.30999755859375,2403.300048828125
1971-04-30,103.94999694824219,2468.179931640625
1971-05-31,99.62999725341797,2456.330078125
1971-06-30,98.69999694824219,2637.35009765625
1971-07-31,95.58000183105469,2661.590087890625
1971-08-31,99.02999877929688,2297.06005859375
1971-09-30,98.33999633789062,2428.25
1971-10-31,94.2300033569336,2278.4599609375
1971-11-30,93.98999786376953,2442.7099609375
1971-12-31,102.08999633789062,2713.739990234375
1972-01-31,103.94000244140625,2856.5
1972-02-29,106.56999969482422,3021.97998046875
1972-03-31,107.19999694824219,3187.6201171875
1972-04-30,107.66999816894531,3187.6201171875
1972-05-31,109.52999877929688,3636.7900390625
1972-06-30,107.13999938964844,3710.699951171875
1972-07-31,107.38999938964844,3913.81005859375
1972-08-31,111.08999633789062,4066.780029296875
1972-09-30,110.55000305175781,4320.6298828125
1972-10-31,111.58000183105469,4537.990234375
1972-11-30,116.66999816894531,4868.9599609375
1972-12-31,118.05000305175781,5207.93994140625
1973-01-31,116.02999877929688,5165.240234375
1973-02-28,111.68000030517578,5121.31982421875
1973-03-31,111.5199966430664,5233.7900390625
1973-04-30,106.97000122070312,4570.330078125
1973-05-31,104.94999694824219,4557.35986328125
1973-06-30,104.26000213623047,4675.1201171875
1973-07-31,108.22000122070312,5041.18017578125
1973-08-31,104.25,4882.08984375
1973-09-30,108.43000030517578,4617.330078125
1973-10-31,108.29000091552734,4699.72998046875
1973-11-30,95.95999908447266,4641.83984375
1973-12-31,97.55000305175781,4306.7998046875
1974-01-31,96.56999969482422,4449.89990234375
1974-02-28,96.22000122070312,4486.580078125
1974-03-31,93.9800033569336,4466.14013671875
1974-04-30,90.30999755859375,4622.35009765625
1974-05-31,87.27999877929688,4750.43994140625
1974-06-30,86.0,4602.8701171875
1974-07-31,79.30999755859375,4492.419921875
1974-08-31,72.1500015258789,4069.679931640625
1974-09-30,63.540000915527344,3950.0
1974-10-31,73.9000015258789,3594.550048828125
1974-11-30,69.97000122070312,3927.489990234375
1974-12-31,68.55999755859375,3836.929931640625
1975-01-31,76.9800033569336,3957.530029296875
1975-02-28,81.58999633789062,4273.39013671875
1975-03-31,83.36000061035156,4484.97021484375
1975-04-30,87.30000305175781,4484.83984375
1975-05-31,91.1500015258789,4407.72998046875
1975-06-30,95.19000244140625,4532.5400390625
1975-07-31,88.75,4333.0400390625
1975-08-31,86.87999725341797,4060.570068359375
1975-09-30,83.87000274658203,3886.389892578125
1975-10-31,89.04000091552734,4352.0498046875
1975-11-30,91.23999786376953,4329.77001953125
1975-12-31,90.19000244140625,4342.06005859375
1976-01-31,100.86000061035156,4656.85986328125
1976-02-29,99.70999908447266,4628.759765625
1976-03-31,102.7699966430664,4596.47998046875
1976-04-30,101.63999938964844,4656.9599609375
1976-05-31,100.18000030517578,4659.4599609375
1976-06-30,104.27999877929688,4852.1298828125
1976-07-31,103.44000244140625,4641.830078125
1976-08-31,102.91000366210938,4738.14013671875
1976-09-30,105.23999786376953,4830.39990234375
1976-10-31,102.9000015258789,4646.27001953125
1976-11-30,102.0999984741211,4506.60009765625
1976-12-31,107.45999908447266,4990.85009765625
1977-01-31,102.02999877929688,4962.47021484375
1977-02-28,99.81999969482422,5041.7099609375
1977-03-31,98.41999816894531,5011.75
1977-04-30,98.44000244140625,5091.9599609375
1977-05-31,96.12000274658203,4986.2998046875
1977-06-30,100.4800033569336,4989.08984375
1977-07-31,98.8499984741211,4849.35009765625
1977-08-31,96.7699966430664,5242.93017578125
1977-09-30,96.52999877929688,5264.740234375
1977-10-31,92.33999633789062,5120.52001953125
1977-11-30,94.83000183105469,4849.56005859375
1977-12-31,95.0999984741211,4863.009765625
1978-01-31,89.25,5111.669921875
1978-02-28,87.04000091552734,5222.66015625
1978-03-31,89.20999908447266,5447.759765625
1978-04-30,96.83000183105469,5534.18017578125
1978-05-31,97.23999786376953,5469.77001953125
1978-06-30,95.52999877929688,5543.14013671875
1978-07-31,100.68000030517578,5601.33984375
1978-08-31,103.29000091552734,5585.41015625
1978-09-30,102.54000091552734,5772.35986328125
1978-10-31,93.1500015258789,5902.93017578125
1978-11-30,94.69999694824219,5967.43017578125
1978-12-31,96.11000061035156,6001.85009765625
1979-01-31,99.93000030517578,6212.77978515625
1979-02-28,96.27999877929688,6072.8798828125
1979-03-31,101.58999633789062,6133.97021484375
1979-04-30,101.76000213623047,6223.14013671875
1979-05-31,99.08000183105469,6252.58984375
1979-06-30,102.91000366210938,6247.259765625
1979-07-31,103.80999755859375,6313.77001953125
1979-08-31,109.31999969482422,6436.1298828125
1979-09-30,109.31999969482422,6568.60986328125
1979-10-31,101.81999969482422,6444.1298828125
1979-11-30,106.16000366210938,6450.18994140625
1979-12-31,107.94000244140625,6569.47021484375
1980-01-31,114.16000366210938,6768.16015625
1980-02-29,113.66000366210938,6764.89013671875
1980-03-31,102.08999633789062,6556.18994140625
1980-04-30,106.29000091552734,6865.56005859375
1980-05-31,111.23999786376953,6855.7001953125
1980-06-30,114.23999786376953,6870.7001953125
1980-07-31,121.66999816894531,6819.6298828125
1980-08-31,122.37999725341797,6914.080078125
1980-09-30,125.45999908447266,7076.4599609375
1980-10-31,127.47000122070312,7150.75
1980-11-30,140.52000427246094,7123.6201171875
1980-12-31,135.75999450683594,7063.1298828125
1981-01-31,129.5500030517578,7254.009765625
1981-02-28,131.27000427246094,7146.52978515625
1981-03-31,136.0,7334.31005859375
1981-04-30,132.80999755859375,7674.18994140625
1981-05-31,132.58999633789062,7539.68994140625
1981-06-30,131.2100067138672,7867.419921875
1981-07-31,130.9199981689453,7828.259765625
1981-08-31,122.79000091552734,7815.77978515625
1981-09-30,116.18000030517578,7455.5
1981-10-31,121.88999938964844,7449.4599609375
1981-11-30,126.3499984741211,7549.330078125
1981-12-31,122.55000305175781,7681.83984375
1982-01-31,120.4000015258789,7918.81982421875
1982-02-28,113.11000061035156,7548.509765625
1982-03-31,111.95999908447266,7260.47998046875
1982-04-30,116.44000244140625,7390.7099609375
1982-05-31,111.87999725341797,7325.64990234375
1982-06-30,109.61000061035156,7213.8701171875
1982-07-31,107.08999633789062,7122.080078125
1982-08-31,119.51000213623047,7123.3798828125
1982-09-30,120.41999816894531,6910.72998046875
1982-10-31,133.72000122070312,7259.14990234375
1982-11-30,138.52999877929688,7895.6201171875
1982-12-31,140.63999938964844,8016.669921875
1983-01-31,145.3000030517578,8103.47021484375
1983-02-28,148.05999755859375,8085.56982421875
1983-03-31,152.9600067138672,8478.7001953125
1983-04-30,164.42999267578125,8636.5595703125
1983-05-31,162.38999938964844,8617.5703125
1983-06-30,167.63999938964844,8870.9501953125
1983-07-31,162.55999755859375,9078.75
1983-08-31,164.39999389648438,9189.4296875
1983-09-30,166.07000732421875,9402.58984375
1983-10-31,163.5500030517578,9356.7900390625
1983-11-30,166.39999389648438,9320.240234375
1983-12-31,164.92999267578125,9893.8203125
1984-01-31,163.41000366210938,10196.099609375
1984-02-29,157.05999755859375,10030.7001953125
1984-03-31,159.17999267578125,10929.169921875
1984-04-30,160.0500030517578,10981.6796875
1984-05-31,150.5500030517578,9940.1396484375
1984-06-30,153.17999267578125,10377.9697265625
1984-07-31,150.66000366210938,9998.5
1984-08-31,166.67999267578125,10584.2001953125
1984-09-30,166.10000610351562,10649.25
1984-10-31,166.08999633789062,11252.98046875
1984-11-30,163.5800018310547,11428.900390625
1984-12-31,167.24000549316406,11542.599609375
1985-01-31,179.6300048828125,11992.3095703125
1985-02-28,181.17999267578125,12321.919921875
1985-03-31,180.66000366210938,12580.759765625
1985-04-30,179.8300018310547,12426.2900390625
1985-05-31,189.5500030517578,12758.4599609375
1985-06-30,191.85000610351562,12882.08984375
1985-07-31,190.9199981689453,12232.26953125
1985-08-31,188.6300048828125,12713.150390625
1985-09-30,182.0800018310547,12700.1103515625
1985-10-31,189.82000732421875,12936.4697265625
1985-11-30,202.1699981689453,12763.26953125
1985-12-31,211.27999877929688,13083.1796875
1986-01-31,211.77999877929688,13024.2998046875
1986-02-28,226.9199981689453,13640.830078125
1986-03-31,238.89999389648438,15859.75
1986-04-30,235.52000427246094,15825.5
1986-05-31,247.35000610351562,16670.76953125
1986-06-30,250.83999633789062,17654.189453125
1986-07-31,236.1199951171875,17509.7109375
1986-08-31,252.92999267578125,18533.6796875
1986-09-30,231.32000732421875,17852.859375
1986-10-31,243.97999572753906,16910.630859375
1986-11-30,249.22000122070312,18083.01953125
1986-12-31,242.1699981689453,18820.650390625
1987-01-31,274.0799865722656,20048.349609375
1987-02-28,284.20001220703125,20421.66015625
1987-03-31,291.70001220703125,21566.66015625
1987-04-30,288.3599853515625,23274.830078125
1987-05-31,290.1000061035156,24772.390625
1987-06-30,304.0,24176.400390625
1987-07-31,318.6600036621094,24488.109375
1987-08-31,329.79998779296875,26029.220703125
1987-09-30,321.8299865722656,26010.880859375
1987-10-31,251.7899932861328,22765.0390625
1987-11-30,230.3000030517578,22686.779296875
1987-12-31,247.0800018310547,21564.0
1988-01-31,257.07000732421875,23622.3203125
1988-02-29,267.82000732421875,25242.810546875
1988-03-31,258.8900146484375,26260.259765625
1988-04-30,261.3299865722656,27434.119140625
1988-05-31,262.1600036621094,27416.69921875
1988-06-30,273.5,27769.400390625
1988-07-31,272.0199890136719,27911.630859375
1988-08-31,261.5199890136719,27365.94921875
1988-09-30,271.9100036621094,27923.669921875
1988-10-31,278.9700012207031,27982.5390625
1988-11-30,273.70001220703125,29578.900390625
1988-12-31,277.7200012207031,30159.0
1989-01-31,297.4700012207031,31581.30078125
1989-02-28,288.8599853515625,31985.599609375
1989-03-31,294.8699951171875,32838.6796875
1989-04-30,309.6400146484375,33713.3515625
1989-05-31,320.5199890136719,34266.75
1989-06-30,317.9800109863281,32948.69140625
1989-07-31,346.0799865722656,34953.87109375
1989-08-31,351.45001220703125,34431.19921875
1989-09-30,349.1499938964844,35636.76171875
1989-10-31,340.3599853515625,35549.44140625
1989-11-30,345.989990234375,37268.7890625
1989-12-31,353.3999938964844,38915.87109375
1990-01-31,329.0799865722656,37188.94921875
1990-02-28,331.8900146484375,34591.98828125
1990-03-31,339.94000244140625,29980.44921875
1990-04-30,330.79998779296875,29584.80078125
1990-05-31,361.2300109863281,33130.80078125
1990-06-30,358.0199890136719,31940.240234375
1990-07-31,356.1499938964844,31035.66015625
1990-08-31,322.55999755859375,25978.369140625
1990-09-30,306.04998779296875,20983.5
1990-10-31,304.0,25194.099609375
1990-11-30,322.2200012207031,22454.630859375
1990-12-31,330.2200012207031,23848.7109375
1991-01-31,343.92999267578125,23293.140625
1991-02-28,367.07000732421875,26409.220703125
1991-03-31,375.2200012207031,26292.0390625
1991-04-30,375.3399963378906,26111.25
1991-05-31,389.8299865722656,25789.619140625
1991-06-30,371.1600036621094,23290.9609375
1991-07-31,387.80999755859375,24120.75
1991-08-31,395.42999267578125,22335.869140625
1991-09-30,387.8599853515625,23916.439453125
1991-10-31,392.45001220703125,25222.279296875
1991-11-30,375.2200012207031,22687.349609375
1991-12-31,417.0899963378906,22983.76953125
1992-01-31,408.7799987792969,22023.05078125
1992-02-29,412.70001220703125,21338.810546875
1992-03-31,403.69000244140625,19345.94921875
1992-04-30,414.95001220703125,17390.7109375
1992-05-31,415.3500061035156,18347.75
1992-06-30,408.1400146484375,15951.73046875
1992-07-31,424.2099914550781,15910.2802734375
1992-08-31,414.0299987792969,18061.119140625
1992-09-30,417.79998779296875,17399.080078125
1992-10-31,418.67999267578125,16767.400390625
1992-11-30,431.3500061035156,17683.650390625
1992-12-31,435.7099914550781,16924.94921875
1993-01-31,438.7799987792969,17023.779296875
1993-02-28,443.3800048828125,16953.349609375
1993-03-31,451.6700134277344,18591.44921875
1993-04-30,440.19000244140625,20919.1796875
1993-05-31,450.19000244140625,20552.349609375
1993-06-30,450.5299987792969,19590.0
1993-07-31,448.1300048828125,20380.140625
1993-08-31,463.55999755859375,21026.599609375
1993-09-30,458.92999267578125,20105.7109375
1993-10-31,467.8299865722656,19702.970703125
1993-11-30,461.7900085449219,16406.5390625
1993-12-31,466.45001220703125,17417.240234375
1994-01-31,481.6099853515625,20229.119140625
1994-02-28,467.1400146484375,19997.19921875
1994-03-31,445.7699890136719,19111.919921875
1994-04-30,450.9100036621094,19725.25
1994-05-31,456.5,20973.58984375
1994-06-30,444.2699890136719,20643.9296875
1994-07-31,458.260009765625,20449.390625
1994-08-31,475.489990234375,20628.529296875
1994-09-30,462.7099914550781,19563.810546875
1994-10-31,472.3500061035156,19989.599609375
1994-11-30,453.69000244140625,19075.619140625
1994-12-31,459.2699890136719,19723.060546875
1995-01-31,470.4200134277344,18649.8203125
1995-02-28,487.3900146484375,17053.4296875
1995-03-31,500.7099914550781,16139.9501953125
1995-04-30,514.7100219726562,16806.75
1995-05-31,533.4000244140625,15436.7900390625
1995-06-30,544.75,14517.400390625
1995-07-31,562.0599975585938,16677.529296875
1995-08-31,561.8800048828125,18117.220703125
1995-09-30,584.4099731445312,17913.060546875
1995-10-31,581.5,17654.640625
1995-11-30,605.3699951171875,18744.419921875
1995-12-31,615.9299926757812,19868.150390625
1996-01-31,636.02001953125,20812.740234375
1996-02-29,640.4299926757812,20125.369140625
1996-03-31,645.5,21406.849609375
1996-04-30,654.1699829101562,22041.30078125
1996-05-31,669.1199951171875,21956.189453125
1996-06-30,670.6300048828125,22530.75
1996-07-31,639.9500122070312,20692.830078125
1996-08-31,651.989990234375,20166.900390625
1996-09-30,687.3300170898438,21556.400390625
1996-10-31,705.27001953125,20466.859375
1996-11-30,757.02001953125,21020.359375
1996-12-31,740.739990234375,19361.349609375
1997-01-31,786.1599731445312,18330.009765625
1997-02-28,790.8200073242188,18557.0
1997-03-31,757.1199951171875,18003.400390625
1997-04-30,801.3400268554688,19151.119140625
1997-05-31,848.280029296875,20068.810546875
1997-06-30,885.1400146484375,20604.9609375
1997-07-31,954.3099975585938,20331.4296875
1997-08-31,899.469970703125,18229.419921875
1997-09-30,947.280029296875,17887.7109375
1997-10-31,914.6199951171875,16458.939453125
1997-11-30,955.4000244140625,16636.259765625
1997-12-31,970.4299926757812,15258.740234375
1998-01-31,980.280029296875,16628.470703125
1998-02-28,1049.3399658203125,16831.669921875
1998-03-31,1101.75,16527.169921875
1998-04-30,1111.75,15641.259765625
1998-05-31,1090.8199462890625,15670.7802734375
1998-06-30,1133.8399658203125,15830.26953125
1998-07-31,1120.6700439453125,16378.9697265625
1998-08-31,957.280029296875,14107.8896484375
1998-09-30,1017.010009765625,13406.3896484375
1998-10-31,1098.6700439453125,13564.509765625
1998-11-30,1163.6300048828125,14883.7001953125
1998-12-31,1229.22998046875,13842.169921875
1999-01-31,1279.6400146484375,14499.25
1999-02-28,1238.3299560546875,14367.5400390625
1999-03-31,1286.3699951171875,15836.58984375
1999-04-30,1335.1800537109375,16701.529296875
1999-05-31,1301.8399658203125,16111.650390625
1999-06-30,1372.7099609375,17529.740234375
1999-07-31,1328.719970703125,17861.859375
1999-08-31,1320.4100341796875,17436.560546875
1999-09-30,1282.7099609375,17605.4609375
1999-10-31,1362.9300537109375,17942.080078125
1999-11-30,1388.9100341796875,18558.23046875
1999-12-31,1469.25,18934.33984375
2000-01-31,1394.4599609375,19539.69921875
2000-02-29,1366.4200439453125,19959.51953125
2000-03-31,1498.5799560546875,20337.3203125
2000-04-30,1452.4300537109375,17973.69921875
2000-05-31,1420.5999755859375,16332.4501953125
2000-06-30,1454.5999755859375,17411.05078125
2000-07-31,1430.8299560546875,15727.490234375
2000-08-31,1517.6800537109375,16861.259765625
2000-09-30,1436.510009765625,15747.259765625
2000-10-31,1429.4000244140625,14539.599609375
2000-11-30,1314.949951171875,14648.509765625
2000-12-31,1320.280029296875,13785.6904296875
2001-01-31,1366.010009765625,13843.5498046875
2001-02-28,1239.93994140625,12883.5400390625
2001-03-31,1160.3299560546875,12999.7001953125
2001-04-30,1249.4599609375,13934.3203125
2001-05-31,1255.8199462890625,13262.1396484375
2001-06-30,1224.3800048828125,12969.0498046875
2001-07-31,1211.22998046875,11860.76953125
2001-08-31,1133.5799560546875,10713.509765625
2001-09-30,1040.93994140625,9774.6796875
2001-10-31,1059.780029296875,10366.33984375
2001-11-30,1139.449951171875,10697.4404296875
2001-12-31,1148.0799560546875,10542.6201171875
2002-01-31,1130.199951171875,9997.7998046875
2002-02-28,1106.72998046875,10587.830078125
2002-03-31,1147.3900146484375,11024.9404296875
2002-04-30,1076.9200439453125,11492.5400390625
2002-05-31,1067.1400146484375,11763.7001953125
2002-06-30,989.8200073242188,10621.83984375
2002-07-31,911.6199951171875,9877.9404296875
2002-08-31,916.0700073242188,9619.2998046875
2002-09-30,815.280029296875,9383.2900390625
2002-10-31,885.760009765625,8640.48046875
2002-11-30,936.3099975585938,9215.5595703125
2002-12-31,879.8200073242188,8578.9501953125
2003-01-31,855.7000122070312,8339.9404296875
2003-02-28,841.1500244140625,8363.0400390625
2003-03-31,848.1799926757812,7972.7099609375
2003-04-30,916.9199829101562,7831.419921875
2003-05-31,963.5900268554688,8424.509765625
2003-06-30,974.5,9083.1103515625
2003-07-31,990.3099975585938,9563.2099609375
2003-08-31,1008.010009765625,10343.5498046875
2003-09-30,995.969970703125,10219.0498046875
2003-10-31,1050.7099609375,10559.58984375
2003-11-30,1058.199951171875,10100.5703125
2003-12-31,1111.9200439453125,10676.6396484375
2004-01-31,1131.1300048828125,10783.6103515625
2004-02-29,1144.93994140625,11041.919921875
2004-03-31,1126.2099609375,11715.3896484375
2004-04-30,1107.300048828125,11761.7900390625
2004-05-31,1120.6800537109375,11236.3701171875
2004-06-30,1140.8399658203125,11858.8701171875
2004-07-31,1101.719970703125,11325.7802734375
2004-08-31,1104.239990234375,11081.7900390625
2004-09-30,1114.5799560546875,10823.5703125
2004-10-31,1130.199951171875,10771.419921875
2004-11-30,1173.8199462890625,10899.25
2004-12-31,1211.9200439453125,11488.759765625
2005-01-31,1181.27001953125,11387.58984375
2005-02-28,1203.5999755859375,11740.599609375
2005-03-31,1180.5899658203125,11668.9501953125
2005-04-30,1156.8499755859375,11008.900390625
2005-05-31,1191.5,11276.58984375
2005-06-30,1191.3299560546875,11584.009765625
2005-07-31,1234.1800537109375,11899.599609375
2005-08-31,1220.3299560546875,12413.599609375
2005-09-30,1228.81005859375,13574.2998046875
2005-10-31,1207.010009765625,13606.5
2005-11-30,1249.47998046875,14872.150390625
2005-12-31,1248.2900390625,16111.4296875
2006-01-31,1280.0799560546875,16649.8203125
2006-02-28,1280.6600341796875,16205.4296875
2006-03-31,1294.8699951171875,17059.66015625
2006-04-30,1310.6099853515625,16906.23046875
2006-05-31,1270.0899658203125,15467.330078125
2006-06-30,1270.199951171875,15505.1796875
2006-07-31,1276.6600341796875,15456.8095703125
2006-08-31,1303.8199462890625,16140.759765625
2006-09-30,1335.8499755859375,16127.580078125
2006-10-31,1377.93994140625,16399.390625
2006-11-30,1400.6300048828125,16274.330078125
2006-12-31,1418.300048828125,17225.830078125
2007-01-31,1438.239990234375,17383.419921875
2007-02-28,1406.8199462890625,17604.119140625
2007-03-31,1420.8599853515625,17287.650390625
2007-04-30,1482.3699951171875,17400.41015625
2007-05-31,1530.6199951171875,17875.75
2007-06-30,1503.3499755859375,18138.359375
2007-07-31,1455.27001953125,17248.890625
2007-08-31,1473.989990234375,16569.08984375
2007-09-30,1526.75,16785.689453125
2007-10-31,1549.3800048828125,16737.630859375
2007-11-30,1481.1400146484375,15680.669921875
2007-12-31,1468.3599853515625,15307.7802734375
2008-01-31,1378.550048828125,13592.4697265625
2008-02-29,1330.6300048828125,13603.01953125
2008-03-31,1322.699951171875,12525.5400390625
2008-04-30,1385.5899658203125,13849.990234375
2008-05-31,1400.3800048828125,14338.5400390625
2008-06-30,1280.0,13481.3798828125
2008-07-31,1267.3800048828125,13376.8095703125
2008-08-31,1282.8299560546875,13072.8701171875
2008-09-30,1166.3599853515625,11259.8603515625
2008-10-31,968.75,8576.98046875
2008-11-30,896.239990234375,8512.26953125
2008-12-31,903.25,8859.5595703125
2009-01-31,825.8800048828125,7994.0498046875
2009-02-28,735.0900268554688,7568.419921875
2009-03-31,797.8699951171875,8109.52978515625
2009-04-30,872.8099975585938,8828.259765625
2009-05-31,919.1400146484375,9522.5
2009-06-30,919.3200073242188,9958.4404296875
2009-07-31,987.47998046875,10356.830078125
2009-08-31,1020.6199951171875,10492.5302734375
2009-09-30,1057.0799560546875,10133.23046875
2009-10-31,1036.18994140625,10034.740234375
2009-11-30,1095.6300048828125,9345.5498046875
2009-12-31,1115.0999755859375,10546.4404296875
2010-01-31,1073.8699951171875,10198.0400390625
2010-02-28,1104.489990234375,10126.0302734375
2010-03-31,1169.4300537109375,11089.9404296875
2010-04-30,1186.68994140625,11057.400390625
2010-05-31,1089.4100341796875,9768.7001953125
2010-06-30,1030.7099609375,9382.6396484375
2010-07-31,1101.5999755859375,9537.2998046875
2010-08-31,1049.3299560546875,8824.0595703125
2010-09-30,1141.199951171875,9369.349609375
2010-10-31,1183.260009765625,9202.4501953125
2010-11-30,1180.550048828125,9937.0400390625
2010-12-31,1257.6400146484375,10228.919921875
2011-01-31,1286.1199951171875,10237.919921875
2011-02-28,1327.219970703125,10624.08984375
2011-03-31,1325.8299560546875,9755.099609375
2011-04-30,1363.6099853515625,9849.740234375
2011-05-31,1345.199951171875,9693.73046875
2011-06-30,1320.6400146484375,9816.08984375
2011-07-31,1292.280029296875,9833.0302734375
2011-08-31,1218.8900146484375,8955.2001953125
2011-09-30,1131.4200439453125,8700.2900390625
2011-10-31,1253.300048828125,8988.3896484375
2011-11-30,1246.9599609375,8434.6103515625
2011-12-31,1257.5999755859375,8455.349609375
2012-01-31,1312.4100341796875,8802.509765625
2012-02-29,1365.6800537109375,9723.240234375
2012-03-31,1408.469970703125,10083.5595703125
2012-04-30,1397.9100341796875,9520.8896484375
2012-05-31,1310.3299560546875,8542.73046875
2012-06-30,1362.1600341796875,9006.7802734375
2012-07-31,1379.3199462890625,8695.0595703125
2012-08-31,1406.5799560546875,8839.91015625
2012-09-30,1440.6700439453125,8870.16015625
2012-10-31,1412.1600341796875,8928.2900390625
2012-11-30,1416.1800537109375,9446.009765625
2012-12-31,1426.18994140625,10395.1796875
2013-01-31,1498.1099853515625,11138.66015625
2013-02-28,1514.6800537109375,11559.3603515625
2013-03-31,1569.18994140625,12397.91015625
2013-04-30,1597.5699462890625,13860.8603515625
2013-05-31,1630.739990234375,13774.5400390625
2013-06-30,1606.280029296875,13677.3203125
2013-07-31,1685.72998046875,13668.3203125
2013-08-31,1632.969970703125,13388.8603515625
2013-09-30,1681.550048828125,14455.7998046875
2013-10-31,1756.5400390625,14327.9404296875
2013-11-30,1805.81005859375,15661.8701171875
2013-12-31,1848.3599853515625,16291.3095703125
2014-01-31,1782.5899658203125,14914.5302734375
2014-02-28,1859.449951171875,14841.0703125
2014-03-31,1872.3399658203125,14827.830078125
2014-04-30,1883.949951171875,14304.1103515625
2014-05-31,1923.5699462890625,14632.3798828125
2014-06-30,1960.22998046875,15162.099609375
2014-07-31,1930.6700439453125,15620.76953125
2014-08-31,2003.3699951171875,15424.58984375
2014-09-30,1972.2900390625,16173.51953125
2014-10-31,2018.050048828125,16413.759765625
2014-11-30,2067.56005859375,17459.849609375
2014-12-31,2058.89990234375,17450.76953125
2015-01-31,1994.989990234375,17674.390625
2015-02-28,2104.5,18797.939453125
2015-03-31,2067.889892578125,19206.990234375
2015-04-30,2085.510009765625,19520.009765625
2015-05-31,2107.389892578125,20563.150390625
2015-06-30,2063.110107421875,20235.73046875
2015-07-31,2103.840087890625,20585.240234375
2015-08-31,1972.1800537109375,18890.48046875
2015-09-30,1920.030029296875,17388.150390625
2015-10-31,2079.360107421875,19083.099609375
2015-11-30,2080.409912109375,19747.470703125
2015-12-31,2043.93994140625,19033.7109375
2016-01-31,1940.239990234375,17518.30078125
2016-02-29,1932.22998046875,16026.759765625
2016-03-31,2059.739990234375,16758.669921875
2016-04-30,2065.300048828125,16666.05078125
2016-05-31,2096.949951171875,17234.98046875
2016-06-30,2098.860107421875,15575.919921875
2016-07-31,2173.60009765625,16569.26953125
2016-08-31,2170.949951171875,16887.400390625
2016-09-30,2168.27001953125,16449.83984375
2016-10-31,2126.14990234375,17425.01953125
2016-11-30,2198.81005859375,18308.48046875
2016-12-31,2238.830078125,19114.369140625
2017-01-31,2278.8701171875,19041.33984375
2017-02-28,2363.639892578125,19118.990234375
2017-03-31,2362.719970703125,18909.259765625
2017-04-30,2384.199951171875,19196.740234375
2017-05-31,2411.800048828125,19650.5703125
2017-06-30,2423.409912109375,20033.4296875
2017-07-31,2470.300048828125,19925.1796875
2017-08-31,2471.64990234375,19646.240234375
2017-09-30,2519.360107421875,20356.279296875
2017-10-31,2575.260009765625,22011.609375
2017-11-30,2647.580078125,22724.9609375
2017-12-31,2673.610107421875,22764.939453125
2018-01-31,2823.81005859375,23098.2890625
2018-02-28,2713.830078125,22068.240234375
2018-03-31,2640.8701171875,21454.30078125
2018-04-30,2648.050048828125,22467.869140625
2018-05-31,2705.27001953125,22201.8203125
2018-06-30,2718.3701171875,22304.509765625
2018-07-31,2816.2900390625,22553.720703125
2018-08-31,2901.52001953125,22865.150390625
2018-09-30,2913.97998046875,24120.0390625
2018-10-31,2711.739990234375,21920.4609375
2018-11-30,2760.169921875,22351.060546875
2018-12-31,2506.85009765625,20014.76953125
2019-01-31,2704.10009765625,20773.490234375
2019-02-28,2784.489990234375,21385.16015625
2019-03-31,2834.39990234375,21205.810546875
2019-04-30,2945.830078125,22258.73046875
2019-05-31,2752.06005859375,20601.189453125
2019-06-30,2941.760009765625,21275.919921875
2019-07-31,2980.3798828125,21521.529296875
2019-08-31,2926.4599609375,20704.369140625
2019-09-30,2976.739990234375,21755.83984375
2019-10-31,3037.56005859375,22927.0390625
2019-11-30,3140.97998046875,23293.91015625
2019-12-31,3230.780029296875,23656.619140625
2020-01-31,3225.52001953125,23205.1796875
2020-02-29,2954.219970703125,21142.9609375
2020-03-31,2584.590087890625,18917.009765625
2020-04-30,2912.429931640625,20193.689453125
2020-05-31,3044.31005859375,21877.890625
2020-06-30,3100.2900390625,22288.140625
2020-07-31,3271.1201171875,21710.0
2020-08-31,3500.31005859375,23139.759765625
2020-09-30,3363.0,23185.119140625
2020-10-31,3269.9599609375,22977.130859375
2020-11-30,3621.6298828125,26433.619140625
2020-12-31,3756.070068359375,27444.169921875
2021-01-31,3714.239990234375,27663.390625
2021-02-28,3811.14990234375,28966.009765625
2021-03-31,3972.889892578125,29178.80078125
2021-04-30,4181.169921875,28812.630859375
2021-05-31,4204.10986328125,28860.080078125
2021-06-30,4297.5,28791.529296875
2021-07-31,4395.259765625,27283.58984375
2021-08-31,4522.68017578125,28089.5390625
2021-09-30,4307.5400390625,29452.66015625
2021-10-31,4605.3798828125,28892.689453125
2021-11-30,4567.0,27821.759765625
2021-12-31,4766.18017578125,28791.7109375
2022-01-31,4515.5498046875,27001.98046875
2022-02-28,4373.93994140625,26526.8203125
2022-03-31,4530.41015625,27821.4296875
2022-04-30,4131.93017578125,26847.900390625
2022-05-31,4132.14990234375,27279.80078125
2022-06-30,3785.3798828125,26393.0390625
2022-07-31,4130.2900390625,27801.640625
2022-08-31,3955.0,28091.529296875
2022-09-30,3585.6201171875,25937.2109375
2022-10-31,3871.97998046875,27587.4609375
2022-11-30,4080.110107421875,27968.990234375
2022-12-31,3839.5,26094.5
2023-01-31,4076.60009765625,27327.109375
2023-02-28,3970.14990234375,27445.560546875
2023-03-31,4109.31005859375,28041.48046875
2023-04-30,4169.47998046875,28856.439453125
2023-05-31,4179.830078125,30887.880859375
2023-06-30,4450.3798828125,33189.0390625
2023-07-31,4588.9599609375,33172.21875
2023-08-31,4507.66015625,32619.33984375
2023-09-30,4288.0498046875,31857.619140625
2023-10-31,4193.7998046875,30858.849609375
2023-11-30,4567.7998046875,33486.890625
2023-12-31,4769.830078125,33464.171875
2024-01-31,4845.64990234375,36286.7109375
2024-02-29,5096.27001953125,39166.19140625
2024-03-31,5254.35009765625,40369.44140625
2024-04-30,5035.68994140625,38405.66015625
2024-05-31,5277.509765625,38487.8984375
2024-06-30,5460.47998046875,39583.078125
2024-07-31,5522.2998046875,39101.8203125
2024-08-31,5648.39990234375,38647.75
2024-09-30,5762.47998046875,37919.55078125
2024-10-31,5705.4501953125,39081.25
2024-11-30,6032.3798828125,38208.03125
2024-12-31,5881.6298828125,39894.5390625
2025-01-31,6040.52978515625,39572.48828125
2025-02-28,5954.5,37155.5
2025-03-31,5611.85009765625,35617.55859375
2025-04-30,5569.06005859375,36045.37890625
2025-05-31,5911.68994140625,37965.1015625
2025-06-30,6204.9501953125,40487.390625
2025-07-31,6339.39013671875,41069.8203125
2025-08-31,6460.259765625,42718.46875
2025-09-30,6688.4599609375,44932.62890625
2025-10-31,6840.2001953125,52411.33984375
2025-11-30,6849.08984375,50253.91015625
2025-12-31,6845.5,50339.48046875
2026-01-31,6939.02978515625,53322.8515625
2026-02-28,6878.8798828125,58850.26953125
2026-03-31,6528.52001953125,51063.71875
2026-04-30,7209.009765625,59284.921875
2026-05-31,7580.06005859375,66329.5
2026-06-30,7499.35986328125,70062.3203125
2026-07-31,7489.72021484375,64362.01953125
2026-08-31,7686.14013671875,66311.9296875
2026-09-30,7743.41015625,66364.203125
